City_ID,City,Country,Lat,Lng,Max Temp,Humidity,Cloudiness,Wind Speed,Current Description,Rain(inches),Snow(inches)
0,Busselton,AU,-33.65,115.33,43.0,84,2,8.19,clear sky,0.0,0
1,Hermanus,ZA,-34.42,19.23,54.0,87,100,4.0,moderate rain,3.09,0
2,Punta Arenas,CL,-53.15,-70.92,35.6,74,75,23.04,broken clouds,0.0,0
3,Mar Del Plata,AR,-38.0,-57.56,50.0,53,1,11.41,clear sky,0.0,0
4,Beringovskiy,RU,63.05,179.32,53.67,74,96,2.71,overcast clouds,0.0,0
5,Havelock,US,34.88,-76.9,84.0,88,90,14.99,light rain,0.25,0
6,Vaini,TO,-21.2,-175.2,71.6,88,75,5.82,broken clouds,0.0,0
7,Ribeira Grande,PT,38.52,-28.7,73.4,56,75,4.7,broken clouds,0.0,0
8,Southbridge,US,42.08,-72.03,87.01,61,27,5.48,light rain,0.19,0
9,Kieta,PG,-6.22,155.63,80.04,79,100,8.16,moderate rain,1.21,0
10,Isangel,VU,-19.55,169.27,69.31,77,97,17.4,overcast clouds,0.0,0
11,Port Alfred,ZA,-33.59,26.89,71.01,52,76,5.01,broken clouds,0.0,0
12,Tateyama,JP,34.98,139.87,73.99,96,100,3.0,overcast clouds,0.0,0
13,Dalbandin,PK,28.89,64.41,91.81,10,39,13.38,scattered clouds,0.0,0
14,Victoria,HK,22.29,114.16,86.0,74,100,11.99,overcast clouds,0.0,0
15,Beira,MZ,-19.84,34.84,71.6,78,1,5.82,clear sky,0.0,0
16,Saint-Philippe,RE,-21.36,55.77,69.8,83,75,20.8,broken clouds,0.0,0
17,Rikitea,PF,-23.12,-134.97,68.2,63,14,16.51,few clouds,0.0,0
18,Henties Bay,NA,-22.12,14.28,57.0,83,1,1.99,clear sky,0.0,0
19,Paamiut,GL,61.99,-49.67,45.68,87,93,28.92,overcast clouds,0.0,0
20,Katsuura,JP,35.13,140.3,75.0,96,100,3.0,overcast clouds,0.0,0
21,Clyde River,CA,70.47,-68.59,51.8,66,75,13.87,light intensity shower rain,0.0,0
22,Voskresenskoye,RU,56.84,45.43,66.4,96,98,8.59,moderate rain,1.87,0
23,Haines Junction,CA,60.75,-137.51,58.95,52,82,1.12,broken clouds,0.0,0
24,Linguere,SN,15.4,-15.12,98.67,31,45,5.79,scattered clouds,0.0,0
25,Anzhero-Sudzhensk,RU,56.08,86.03,64.4,68,100,3.78,overcast clouds,0.0,0
26,Bredasdorp,ZA,-34.53,20.04,55.4,87,100,6.93,light rain,0.3,0
27,Barrow,US,71.29,-156.79,37.4,86,40,9.17,scattered clouds,0.0,0
28,Kodiak,US,57.79,-152.41,57.2,67,90,10.29,overcast clouds,0.0,0
29,Bambous Virieux,MU,-20.34,57.76,71.6,60,20,16.11,few clouds,0.0,0
30,Jamestown,US,42.1,-79.24,84.2,62,1,4.7,clear sky,0.0,0
31,Mataura,NZ,-46.19,168.86,41.74,92,94,5.35,overcast clouds,0.0,0
32,Santa Fe,AR,-31.63,-60.7,61.0,50,3,5.01,clear sky,0.0,0
33,New Norfolk,AU,-42.78,147.06,36.0,91,2,2.91,clear sky,0.0,0
34,Katangli,RU,51.71,143.23,48.81,99,100,4.56,overcast clouds,0.0,0
35,Ancud,CL,-41.87,-73.82,51.01,81,75,11.41,broken clouds,0.0,0
36,Powell River,CA,49.85,-124.54,59.0,93,90,8.05,light rain,0.0,0
37,Timmins,CA,48.47,-81.33,84.2,54,75,8.05,broken clouds,0.0,0
38,Tiksi,RU,71.69,128.87,33.71,94,100,8.75,overcast clouds,0.0,0
39,Luderitz,NA,-26.65,15.16,60.8,72,91,13.87,overcast clouds,0.0,0
40,Karpogory,RU,64.0,44.45,66.24,95,62,12.28,moderate rain,2.99,0
41,Avarua,CK,-21.21,-159.78,75.2,73,63,13.87,broken clouds,0.0,0
42,Georgetown,MY,5.41,100.34,82.4,88,20,2.24,few clouds,0.0,0
43,Filadelfia,US,39.95,-75.16,91.0,55,40,6.26,scattered clouds,0.0,0
44,East London,ZA,-33.02,27.91,77.94,33,98,14.23,overcast clouds,0.0,0
45,Ushuaia,AR,-54.8,-68.3,37.4,74,20,3.36,few clouds,0.0,0
46,Robore,BO,-18.33,-59.75,60.8,77,75,3.22,broken clouds,0.0,0
47,Butaritari,KI,3.07,172.79,82.99,76,4,14.45,light rain,0.14,0
48,Tasiilaq,GL,65.61,-37.64,53.6,46,40,19.46,scattered clouds,0.0,0
49,San Quintin,MX,30.48,-115.95,71.53,65,57,9.95,broken clouds,0.0,0
50,Pisco,PE,-13.7,-76.22,64.4,72,90,6.93,overcast clouds,0.0,0
51,Maumere,ID,-8.62,122.21,75.83,78,58,3.49,broken clouds,0.0,0
52,Cape Town,ZA,-33.93,18.42,54.0,93,75,19.46,heavy intensity rain,4.83,0
53,Upernavik,GL,72.79,-56.15,43.88,66,48,8.95,scattered clouds,0.0,0
54,Kapaa,US,22.08,-159.32,77.0,83,90,14.99,moderate rain,2.03,0
55,Puerto Ayora,EC,-0.74,-90.35,69.01,95,98,3.0,overcast clouds,0.0,0
56,Arraial Do Cabo,BR,-22.97,-42.03,73.47,83,1,20.29,clear sky,0.0,0
57,Ponta Do Sol,PT,32.67,-17.1,75.2,69,20,6.93,few clouds,0.0,0
58,Pontianak,ID,-0.03,109.33,74.37,93,100,1.5,light rain,0.98,0
59,Fortuna,US,40.6,-124.16,57.99,100,90,5.82,overcast clouds,0.0,0
60,Kudahuvadhoo,MV,2.67,72.89,84.22,73,100,6.93,overcast clouds,0.0,0
61,Hilo,US,19.73,-155.09,73.4,73,90,6.22,overcast clouds,0.0,0
62,Falun,SE,60.6,15.63,62.01,51,88,6.93,overcast clouds,0.0,0
63,Savannah Bight,HN,16.45,-85.85,82.96,75,15,6.04,few clouds,0.0,0
64,Kavieng,PG,-2.57,150.8,82.42,78,17,11.88,few clouds,0.0,0
65,Presidencia Roque Saenz Pena,AR,-26.79,-60.44,62.35,44,0,5.37,clear sky,0.0,0
66,Alice Springs,AU,-23.7,133.88,41.0,38,0,5.82,clear sky,0.0,0
67,Buraydah,SA,26.33,43.98,100.4,17,3,8.05,clear sky,0.0,0
68,Sioux Lookout,CA,50.1,-91.92,71.6,88,90,9.17,overcast clouds,0.0,0
69,Dikson,RU,73.51,80.55,44.22,83,0,16.75,clear sky,0.0,0
70,Nuuk,GL,64.18,-51.72,51.8,87,90,29.97,light rain,0.0,0
71,Thinadhoo,MV,0.53,72.93,85.01,67,100,3.56,overcast clouds,0.0,0
72,Maceio,BR,-9.67,-35.74,80.6,74,75,12.75,broken clouds,0.0,0
73,Thompson,CA,55.74,-97.86,62.6,88,75,13.87,broken clouds,0.0,0
74,Khatanga,RU,71.97,102.5,56.53,61,6,18.39,clear sky,0.0,0
75,Kasempa,ZM,-13.46,25.83,65.93,39,0,4.54,clear sky,0.0,0
76,Great Bend,US,38.36,-98.76,84.0,61,1,14.99,clear sky,0.0,0
77,Tomatlan,MX,19.93,-105.25,90.28,47,100,1.97,overcast clouds,0.0,0
78,Alyangula,AU,-13.85,136.42,68.0,100,9,11.5,clear sky,0.0,0
79,Beyla,GN,8.68,-8.63,75.6,89,72,5.55,moderate rain,1.26,0
80,Wahiawa,US,21.5,-158.02,77.0,88,90,6.93,overcast clouds,0.0,0
81,Puerto Narino,CO,-3.77,-70.38,87.8,70,75,3.36,broken clouds,0.0,0
82,Saint Anthony,US,45.02,-93.22,75.0,78,20,9.17,few clouds,0.0,0
83,Geraldton,AU,-28.77,114.6,46.4,81,1,9.17,clear sky,0.0,0
84,Batemans Bay,AU,-35.72,150.18,46.0,93,100,3.0,overcast clouds,0.0,0
85,Albany,US,42.6,-73.97,87.01,76,3,2.73,clear sky,0.0,0
86,Nikolskoye,RU,59.7,30.79,64.4,48,20,6.71,few clouds,0.0,0
87,Chuy,UY,-33.7,-53.46,51.98,66,47,14.52,scattered clouds,0.0,0
88,Sabinas,MX,27.85,-101.12,91.42,51,2,5.99,clear sky,0.0,0
89,Iisalmi,FI,63.56,27.19,62.6,55,20,12.75,shower rain,0.0,0
90,Ugoofaaru,MV,5.67,73.0,83.79,75,95,8.93,overcast clouds,0.0,0
91,Yatou,CN,37.15,122.38,68.95,85,100,3.18,overcast clouds,0.0,0
92,Havoysund,NO,71.0,24.66,51.8,81,75,16.11,broken clouds,0.0,0
93,Zhigansk,RU,66.77,123.37,55.72,61,17,8.72,few clouds,0.0,0
94,Dmitriyevskoye,RU,45.81,41.9,73.33,66,72,9.62,broken clouds,0.0,0
95,Hasaki,JP,35.73,140.83,75.2,94,75,9.17,shower rain,0.0,0
96,Saint-Pierre,RE,-21.34,55.48,69.8,83,75,20.8,broken clouds,0.0,0
97,Ust-Kuyga,RU,70.02,135.6,49.82,83,50,4.88,scattered clouds,0.0,0
98,Curvelo,BR,-18.76,-44.43,85.96,29,0,2.17,clear sky,0.0,0
99,Chichihualco,MX,17.68,-99.65,75.52,63,99,3.18,overcast clouds,0.0,0
100,Atuona,PF,-9.8,-139.03,79.39,76,11,13.98,few clouds,0.0,0
101,Qaanaaq,GL,77.48,-69.36,48.02,51,15,5.93,few clouds,0.0,0
102,Lima,PE,-12.04,-77.03,60.8,82,90,4.7,overcast clouds,0.0,0
103,Taoudenni,ML,22.68,-3.98,110.89,6,20,5.06,few clouds,0.0,0
104,Tuktoyaktuk,CA,69.45,-133.04,37.4,74,90,9.17,overcast clouds,0.0,0
105,Yellowknife,CA,62.46,-114.35,60.8,63,75,4.7,broken clouds,0.0,0
106,Hambantota,LK,6.12,81.12,80.83,80,76,16.15,broken clouds,0.0,0
107,Otane,NZ,-39.88,176.63,42.01,86,61,5.12,broken clouds,0.0,0
108,Touros,BR,-5.2,-35.46,82.4,74,75,11.41,shower rain,0.0,0
109,Ngunguru,NZ,-35.62,174.5,41.0,95,0,4.0,clear sky,0.0,0
110,Solnechnyy,RU,50.72,136.63,52.41,94,100,5.48,overcast clouds,0.0,0
111,Norman Wells,CA,65.28,-126.83,55.4,71,75,2.24,broken clouds,0.0,0
112,Chokurdakh,RU,70.63,147.92,44.56,81,99,10.31,overcast clouds,0.0,0
113,Sept-Iles,CA,50.2,-66.38,64.4,88,75,6.93,broken clouds,0.0,0
114,Talnakh,RU,69.49,88.4,62.6,72,3,24.61,clear sky,0.0,0
115,Ouidah,BJ,6.36,2.09,79.09,77,99,11.79,overcast clouds,0.0,0
116,Saint-Augustin,CA,51.23,-58.65,57.74,91,100,14.27,overcast clouds,0.0,0
117,Bardiyah,LY,31.76,25.09,78.57,68,0,10.58,clear sky,0.0,0
118,Champerico,GT,14.3,-91.92,89.6,59,100,6.93,overcast clouds,0.0,0
119,Hami,CN,42.8,93.45,81.32,17,9,19.08,clear sky,0.0,0
120,Sola,VU,-13.88,167.55,80.04,83,80,24.94,light rain,0.15,0
121,Olafsvik,IS,64.89,-23.71,52.3,68,56,11.41,broken clouds,0.0,0
122,Atherton,GB,53.52,-2.49,59.0,79,100,3.0,light rain,0.11,0
123,Ulaanbaatar,MN,47.91,106.88,55.4,87,40,6.71,scattered clouds,0.0,0
124,Bonthe,SL,7.53,-12.51,78.24,86,97,12.3,moderate rain,1.09,0
125,Banda Aceh,ID,5.56,95.32,80.2,74,100,3.51,overcast clouds,0.0,0
126,Avera,US,33.19,-82.53,84.2,78,75,5.82,broken clouds,0.0,0
127,Pemba,MZ,-12.97,40.52,76.96,80,0,16.33,clear sky,0.0,0
128,Aswan,EG,24.09,32.91,97.86,17,0,13.62,clear sky,0.0,0
129,Marawi,PH,8.0,124.29,75.0,89,68,5.99,broken clouds,0.0,0
130,Kem,RU,64.96,34.58,63.07,66,76,7.14,broken clouds,0.0,0
131,Lebu,CL,-37.62,-73.65,53.33,93,100,23.33,light rain,0.2,0
132,Portland,US,45.52,-122.68,63.0,77,75,1.99,broken clouds,0.0,0
133,Hobart,AU,-42.88,147.33,37.4,93,0,8.05,clear sky,0.0,0
134,Shawinigan,CA,46.57,-72.75,84.2,62,1,10.29,clear sky,0.0,0
135,Saint George,US,37.1,-113.58,91.0,8,1,3.36,clear sky,0.0,0
136,Gimli,CA,50.63,-96.99,66.99,99,75,8.01,broken clouds,0.0,0
137,Oranjemund,NA,-28.55,16.43,57.79,68,43,15.73,scattered clouds,0.0,0
138,Leningradskiy,RU,69.38,178.42,46.72,76,44,10.22,scattered clouds,0.0,0
139,Takaka,NZ,-40.85,172.8,37.99,86,2,1.99,clear sky,0.0,0
140,Kerchevskiy,RU,59.95,56.29,77.38,71,0,4.07,clear sky,0.0,0
141,Jining,CN,35.41,116.58,70.92,78,48,6.24,scattered clouds,0.0,0
142,Hofn,IS,64.25,-15.21,57.2,50,75,19.46,light intensity shower rain,0.0,0
143,Usak,TR,38.5,29.42,75.99,31,33,16.8,scattered clouds,0.0,0
144,Mednogorsk,RU,51.41,57.59,72.19,62,0,7.76,clear sky,0.0,0
145,Mahebourg,MU,-20.41,57.7,71.6,60,20,16.11,few clouds,0.0,0
146,Phayakkhaphum Phisai,TH,15.52,103.19,83.8,74,100,6.02,overcast clouds,0.0,0
147,Severo-Kurilsk,RU,50.68,156.12,48.88,93,100,16.87,moderate rain,1.1,0
148,Caravelas,BR,-17.71,-39.25,81.59,57,0,8.59,clear sky,0.0,0
149,Esperance,AU,-33.87,121.9,48.2,76,90,4.7,overcast clouds,0.0,0
150,Longyearbyen,SJ,78.22,15.64,48.2,76,75,5.82,light rain,0.0,0
151,Gambela,ET,8.25,34.58,74.1,85,97,2.46,overcast clouds,0.0,0
152,Flinders,AU,-34.58,150.86,57.99,90,100,1.01,overcast clouds,0.0,0
153,Teahupoo,PF,-17.83,-149.27,69.8,77,20,4.7,few clouds,0.0,0
154,Villa Carlos Paz,AR,-31.42,-64.5,61.0,38,0,16.11,clear sky,0.0,0
155,Coihueco,CL,-36.62,-71.83,46.4,81,90,10.29,overcast clouds,0.0,0
156,Nome,US,64.5,-165.41,54.0,87,75,6.93,broken clouds,0.0,0
157,Kaitangata,NZ,-46.28,169.85,46.99,74,47,5.01,scattered clouds,0.0,0
158,Ostrovnoy,RU,68.05,39.51,53.11,93,97,9.24,light rain,0.16,0
159,Bluff,NZ,-46.6,168.33,49.55,77,93,19.82,light rain,0.15,0
160,Marsh Harbour,BS,26.54,-77.06,86.23,70,100,10.83,overcast clouds,0.0,0
161,Anloga,GH,5.79,0.9,82.4,74,20,12.75,few clouds,0.0,0
162,Bethel,US,41.37,-73.41,88.0,70,5,1.99,light rain,0.17,0
163,Hokitika,NZ,-42.72,170.97,42.15,67,66,3.44,broken clouds,0.0,0
164,Turochak,RU,52.26,87.12,60.22,91,94,2.57,overcast clouds,0.0,0
165,Praia Da Vitoria,PT,38.73,-27.07,73.4,69,75,4.92,broken clouds,0.0,0
166,Hanchuan,CN,30.65,113.77,82.4,78,100,4.47,overcast clouds,0.0,0
167,Dingle,PH,11.0,122.67,77.79,87,62,2.62,light rain,0.55,0
168,Vardo,NO,70.37,31.11,48.2,93,75,19.46,broken clouds,0.0,0
169,Tuatapere,NZ,-46.13,167.68,43.99,82,88,7.74,overcast clouds,0.0,0
170,Nishihara,JP,26.18,127.76,82.4,88,40,9.17,scattered clouds,0.0,0
171,Kolaras,IN,25.23,77.6,86.47,66,49,6.51,scattered clouds,0.0,0
172,Port Hedland,AU,-20.32,118.57,60.8,21,0,8.05,clear sky,0.0,0
173,Colares,PT,38.8,-9.45,77.0,68,20,14.99,few clouds,0.0,0
174,Vila Franca Do Campo,PT,37.72,-25.43,71.6,60,75,8.05,broken clouds,0.0,0
175,Atasu,KZ,48.68,71.64,70.5,52,3,9.24,clear sky,0.0,0
176,Guerrero Negro,MX,27.98,-114.06,76.03,53,49,6.82,scattered clouds,0.0,0
177,Lata,PT,40.16,-8.33,82.0,55,0,8.99,clear sky,0.0,0
178,Chernyshevskiy,RU,63.01,112.47,57.67,95,100,3.42,overcast clouds,0.0,0
179,Bilibino,RU,68.05,166.44,56.52,86,97,6.82,light rain,0.29,0
180,Rio Gallegos,AR,-51.62,-69.22,33.8,74,49,17.22,scattered clouds,0.0,0
181,Ranong,TH,9.97,98.63,80.69,78,100,5.14,overcast clouds,0.0,0
182,Saldanha,ZA,-33.01,17.94,53.6,93,100,9.17,light rain,0.88,0
183,Umm Lajj,SA,25.02,37.27,84.7,60,0,6.71,clear sky,0.0,0
184,San Patricio,MX,19.22,-104.7,87.8,74,40,11.41,scattered clouds,0.0,0
185,Orlik,RU,52.52,99.83,50.4,69,86,1.81,overcast clouds,0.0,0
186,Orange Cove,US,36.62,-119.31,87.01,30,1,4.52,clear sky,0.0,0
187,Sur,OM,22.57,59.53,91.67,49,100,11.3,overcast clouds,0.0,0
188,Mahibadhoo,MV,3.78,72.97,84.13,72,100,8.21,overcast clouds,0.0,0
189,Faanui,PF,-16.48,-151.75,76.17,80,37,24.74,scattered clouds,0.0,0
190,Oistins,BB,13.07,-59.53,87.8,62,40,21.92,scattered clouds,0.0,0
191,Fenoarivo Atsinanana,MG,-17.37,49.42,68.76,78,0,10.18,clear sky,0.0,0
192,Mareeba,AU,-17.0,145.43,71.01,92,48,1.99,scattered clouds,0.0,0
193,Arlit,NE,18.74,7.39,102.45,17,94,12.39,overcast clouds,0.0,0
194,Tartus,SY,34.89,35.89,82.4,61,75,6.93,broken clouds,0.0,0
195,Golden,US,39.76,-105.22,84.0,15,20,7.0,few clouds,0.0,0
196,Lasa,IT,46.62,10.7,69.8,56,20,9.17,few clouds,0.0,0
197,Tarragona,ES,41.13,1.25,86.0,55,20,2.24,few clouds,0.0,0
198,Saskylakh,RU,71.92,114.08,47.98,70,58,11.03,broken clouds,0.0,0
199,Segovia,ES,41.17,-4.0,80.01,15,40,3.0,scattered clouds,0.0,0
200,Kasongo-Lunda,CD,-6.47,16.82,85.12,36,20,2.08,few clouds,0.0,0
201,Vallenar,CL,-28.57,-70.76,80.33,12,0,5.35,clear sky,0.0,0
202,Ilo,PE,-17.64,-71.34,66.2,72,20,5.82,few clouds,0.0,0
203,Bereda,ES,43.27,-7.54,75.99,41,0,13.0,clear sky,0.0,0
204,Fort-Shevchenko,KZ,44.51,50.26,84.7,49,61,14.29,broken clouds,0.0,0
205,Kahului,US,20.89,-156.47,73.99,85,2,7.0,clear sky,0.0,0
206,Lannion,FR,48.75,-3.42,62.6,93,90,16.11,overcast clouds,0.0,0
207,Mapiri,BO,-15.25,-68.17,79.41,53,97,3.24,light rain,0.23,0
208,Skofja Loka,SI,46.17,14.31,82.4,39,20,5.82,few clouds,0.0,0
209,Maarianhamina,AX,60.1,19.93,62.6,55,20,3.36,few clouds,0.0,0
210,Fukuma,JP,33.77,130.47,75.2,88,75,21.92,light rain,0.0,0
211,La Ronge,CA,55.1,-105.28,62.6,77,90,5.82,overcast clouds,0.0,0
212,Charters Towers,AU,-20.1,146.27,58.89,95,12,8.86,few clouds,0.0,0
213,Malakal,SS,9.53,31.66,78.69,72,87,4.81,overcast clouds,0.0,0
214,Nouadhibou,MR,20.93,-17.03,87.8,45,0,16.11,clear sky,0.0,0
215,Santiago,CL,-33.46,-70.65,53.6,62,40,3.36,scattered clouds,0.0,0
216,Kangaatsiaq,GL,68.31,-53.46,44.42,96,100,12.46,moderate rain,1.78,0
217,Castro,BR,-24.79,-50.01,59.56,49,92,5.55,overcast clouds,0.0,0
218,Gombong,ID,-7.61,109.51,74.48,89,73,4.34,light rain,0.14,0
219,Dawei,MM,14.08,98.2,79.09,86,100,1.05,overcast clouds,0.0,0
220,Kavaratti,IN,10.57,72.64,83.46,79,100,12.26,moderate rain,1.72,0
221,Pochutla,MX,15.74,-96.47,91.0,58,75,5.82,broken clouds,0.0,0
222,Asuncion Nochixtlan,MX,17.47,-97.23,69.82,54,84,5.53,broken clouds,0.0,0
223,Zatoka,UA,46.07,30.47,77.0,38,0,11.18,clear sky,0.0,0
224,Pangoa,PE,-12.12,-73.0,71.06,93,97,2.46,moderate rain,1.45,0
225,Lompoc,US,34.64,-120.46,57.2,93,90,5.14,overcast clouds,0.0,0
226,Chicama,PE,-7.84,-79.15,72.55,54,83,11.3,broken clouds,0.0,0
227,Sao Filipe,CV,14.9,-24.5,76.86,84,8,19.37,clear sky,0.0,0
228,Bandarbeyla,SO,9.49,50.81,79.7,71,100,33.76,overcast clouds,0.0,0
229,Silchar,IN,24.82,92.8,77.18,93,100,1.5,light rain,0.27,0
230,Westport,US,41.14,-73.36,89.01,62,1,6.93,clear sky,0.0,0
231,Almaznyy,RU,48.04,40.05,75.2,50,26,13.42,scattered clouds,0.0,0
232,Sovetskiy,RU,61.36,63.58,79.93,53,55,4.68,broken clouds,0.0,0
233,Itarema,BR,-2.92,-39.92,85.55,61,4,14.58,clear sky,0.0,0
234,Srednekolymsk,RU,67.45,153.68,54.32,86,86,5.66,overcast clouds,0.0,0
235,Barra Do Garcas,BR,-15.89,-52.26,89.83,32,0,4.76,clear sky,0.0,0
236,Inta,RU,66.03,60.17,72.0,68,15,14.05,few clouds,0.0,0
237,Hithadhoo,MV,-0.6,73.08,85.21,68,100,3.51,overcast clouds,0.0,0
238,Casa Grande,US,32.88,-111.76,100.0,15,1,5.82,clear sky,0.0,0
239,Severnoye,RU,56.35,78.36,66.58,94,80,3.74,light rain,0.18,0
240,Akropong,GH,5.97,-0.09,75.56,82,84,11.07,light rain,0.11,0
241,Halifax,CA,44.65,-63.57,75.99,75,89,4.03,overcast clouds,0.0,0
242,Kalmunai,LK,7.42,81.82,81.99,80,100,9.62,light rain,0.57,0
243,Carnarvon,AU,-24.87,113.63,57.2,44,100,9.17,overcast clouds,0.0,0
244,Kruisfontein,ZA,-34.0,24.73,61.29,55,45,15.14,scattered clouds,0.0,0
245,Gat,IL,31.61,34.76,82.99,64,0,8.81,clear sky,0.0,0
246,San Francisco,US,37.77,-122.42,66.99,72,1,4.7,clear sky,0.0,0
247,Mount Gambier,AU,-37.83,140.77,41.0,93,40,4.7,scattered clouds,0.0,0
248,Los Llanos De Aridane,ES,28.66,-17.92,75.2,73,20,16.11,few clouds,0.0,0
249,Bathsheba,BB,13.22,-59.52,87.8,62,40,21.92,scattered clouds,0.0,0
250,Harindanga,IN,22.04,88.32,86.0,94,75,13.91,haze,0.0,0
251,Poum,NC,-20.23,164.02,69.24,70,15,10.89,few clouds,0.0,0
252,Basco,PH,20.45,121.97,84.15,80,100,8.32,overcast clouds,0.0,0
253,Port Said,EG,31.26,32.28,82.4,74,0,5.82,clear sky,0.0,0
254,Naze,JP,28.37,129.48,82.4,94,75,6.93,broken clouds,0.0,0
255,Pompeia,BR,-22.11,-50.17,70.48,38,15,6.04,few clouds,0.0,0
256,Harbour Breton,CA,47.48,-55.8,54.54,79,100,15.43,overcast clouds,0.0,0
257,Port Elizabeth,ZA,-33.92,25.57,69.8,43,64,18.34,broken clouds,0.0,0
258,Tekirdag,TR,40.98,27.51,73.4,60,40,19.46,scattered clouds,0.0,0
259,Port Hardy,CA,50.7,-127.42,57.2,93,75,4.7,broken clouds,0.0,0
260,North Shore,NZ,-36.8,174.75,39.99,93,18,2.24,few clouds,0.0,0
261,Russell,US,32.35,-85.2,84.99,70,40,3.36,scattered clouds,0.0,0
262,Fairbanks,US,64.84,-147.72,55.4,93,90,2.68,overcast clouds,0.0,0
263,Kurilsk,RU,45.23,147.88,53.6,91,34,1.77,scattered clouds,0.0,0
264,Sinnamary,GF,5.38,-52.95,82.53,78,53,4.23,moderate rain,1.06,0
265,Santa Marta,CO,11.24,-74.2,86.0,79,40,4.7,scattered clouds,0.0,0
266,Fomboni,KM,-12.28,43.74,78.64,75,0,13.91,clear sky,0.0,0
267,Vestmannaeyjar,IS,63.44,-20.27,55.4,66,20,23.04,few clouds,0.0,0
268,Alihe,CN,50.57,123.72,61.36,89,100,1.01,overcast clouds,0.0,0
269,Bitung,ID,1.45,125.18,75.2,94,20,2.24,few clouds,0.0,0
270,Iracoubo,GF,5.48,-53.2,82.08,80,57,4.05,moderate rain,1.16,0
271,Margate,GB,51.38,1.39,68.0,77,98,4.0,light rain,0.38,0
272,Lalas,GR,37.72,21.72,84.2,51,20,6.93,few clouds,0.0,0
273,Bahia Blanca,AR,-38.72,-62.27,52.65,43,94,19.15,overcast clouds,0.0,0
274,Esmeraldas,BR,-19.76,-44.31,78.8,39,0,4.7,clear sky,0.0,0
275,Denpasar,ID,-8.65,115.22,78.8,100,40,12.75,scattered clouds,0.0,0
276,La Rioja,ES,42.25,-2.5,87.8,38,20,2.24,few clouds,0.0,0
277,Lagoa,PT,39.05,-27.98,68.7,72,20,2.64,few clouds,0.0,0
278,Lichtenburg,ZA,-26.15,26.16,54.55,62,0,9.51,clear sky,0.0,0
279,Jumla,NP,29.27,82.18,62.96,72,99,2.64,overcast clouds,0.0,0
280,Shimoda,JP,34.67,138.95,70.0,93,100,1.01,overcast clouds,0.0,0
281,Springdale,US,36.19,-94.13,69.8,100,90,13.87,moderate rain,2.92,0
282,Djenne,ML,13.91,-4.55,98.6,30,58,8.01,broken clouds,0.0,0
283,Devarkonda,IN,16.7,78.93,76.59,84,100,9.86,overcast clouds,0.0,0
284,Ramnagar,IN,29.4,79.12,82.17,76,86,3.24,moderate rain,1.45,0
285,Goderich,CA,43.75,-81.72,86.0,68,35,7.56,light rain,0.33,0
286,Huilong,CN,31.81,121.66,75.99,98,84,8.21,broken clouds,0.0,0
287,College,US,64.86,-147.8,55.4,87,75,2.68,broken clouds,0.0,0
288,Hakkari,TR,37.58,44.17,75.2,36,75,9.17,broken clouds,0.0,0
289,Provideniya,RU,64.38,-173.3,49.86,85,29,1.07,scattered clouds,0.0,0
290,Bengkulu,ID,-3.8,102.27,76.3,89,100,9.26,light rain,0.29,0
291,Ilulissat,GL,69.22,-51.1,53.6,71,75,12.75,light rain,0.0,0
292,Seydi,TM,39.48,62.91,90.32,16,0,10.74,clear sky,0.0,0
293,Rocha,UY,-34.48,-54.33,52.32,64,9,16.53,clear sky,0.0,0
294,Mineiros,BR,-17.57,-52.55,80.17,47,10,6.62,clear sky,0.0,0
295,Melykut,HU,46.22,19.38,79.5,53,0,3.65,clear sky,0.0,0
296,Hay River,CA,60.82,-115.8,55.4,93,90,8.05,light rain,0.0,0
297,Rabat,MA,33.99,-6.84,77.0,64,0,14.99,clear sky,0.0,0
298,Kulhudhuffushi,MV,6.62,73.07,83.25,79,96,11.39,overcast clouds,0.0,0
299,Cabo San Lucas,MX,22.89,-109.91,84.99,69,20,11.41,few clouds,0.0,0
300,Nara,JP,34.69,135.8,75.0,92,100,3.8,light rain,0.46,0
301,Kholodnyy,RU,62.72,147.95,47.77,84,100,5.79,overcast clouds,0.0,0
302,Humberto De Campos,BR,-2.6,-43.46,86.79,62,50,4.7,light rain,0.21,0
303,Yar-Sale,RU,66.83,70.83,59.9,64,23,8.61,few clouds,0.0,0
304,Cherskiy,RU,68.75,161.3,55.67,91,98,1.01,light rain,0.23,0
305,Cobija,BO,-11.03,-68.77,64.4,100,90,9.17,light rain,0.0,0
306,Constitucion,CL,-35.33,-72.42,54.32,55,90,4.38,overcast clouds,0.0,0
307,Vung Tau,VN,10.35,107.08,82.65,80,100,8.25,overcast clouds,0.0,0
308,Usinsk,RU,65.99,57.53,79.81,62,0,11.52,light rain,0.13,0
309,Vao,NC,-22.67,167.48,67.62,75,16,23.87,few clouds,0.0,0
310,Evensk,RU,61.95,159.23,51.12,95,100,0.54,overcast clouds,0.0,0
311,Biak,ID,-0.91,122.88,75.99,83,79,6.26,broken clouds,0.0,0
312,Baker City,US,44.77,-117.83,69.8,43,1,4.7,clear sky,0.0,0
313,Del Rio,US,29.36,-100.9,89.6,59,90,13.87,overcast clouds,0.0,0
314,Staryy Nadym,RU,65.61,72.68,55.18,68,4,13.42,clear sky,0.0,0
315,Namwala,ZM,-15.75,26.44,69.26,34,0,4.68,clear sky,0.0,0
316,Porto Santo,PT,33.07,-16.34,73.4,69,20,14.99,few clouds,0.0,0
317,Carauari,BR,-4.88,-66.9,92.14,45,48,4.23,scattered clouds,0.0,0
318,Dunedin,NZ,-45.87,170.5,46.0,84,63,1.99,broken clouds,0.0,0
319,Narsaq,GL,60.92,-46.05,48.2,87,75,3.36,shower rain,0.0,0
320,Ahualulco,MX,22.4,-101.17,69.8,60,75,7.63,broken clouds,0.0,0
321,Codrington,AU,-38.27,141.97,43.72,79,100,8.46,overcast clouds,0.0,0
322,Plettenberg Bay,ZA,-34.05,23.37,60.71,67,54,18.25,broken clouds,0.0,0
323,Corsicana,US,32.1,-96.47,89.6,59,75,17.22,broken clouds,0.0,0
324,Calama,CL,-22.47,-68.93,68.0,3,0,17.22,clear sky,0.0,0
325,Hayrabolu,TR,41.21,27.11,73.4,60,40,19.46,scattered clouds,0.0,0
326,Qaqortoq,GL,60.72,-46.03,48.2,87,75,3.36,shower rain,0.0,0
327,Odweyne,SO,9.41,45.06,83.21,40,66,15.68,broken clouds,0.0,0
328,Yumen,CN,40.28,97.2,71.67,22,0,10.09,clear sky,0.0,0
329,Zhigalovo,RU,54.81,105.16,60.85,79,95,2.08,overcast clouds,0.0,0
330,Kijang,KR,35.24,129.21,73.4,83,90,11.41,light rain,0.0,0
331,Klaksvik,FO,62.23,-6.59,51.8,76,100,13.87,overcast clouds,0.0,0
332,Bertoua,CM,4.58,13.68,73.74,90,100,0.29,light rain,0.47,0
333,Tautira,PF,-17.73,-149.15,69.8,77,20,4.7,few clouds,0.0,0
334,Maizuru,JP,35.45,135.33,75.0,93,100,8.39,overcast clouds,0.0,0
335,Berlevag,NO,70.86,29.09,48.2,93,75,14.99,broken clouds,0.0,0
336,Samfya,ZM,-11.36,29.56,73.96,51,25,11.54,scattered clouds,0.0,0
337,Chisindia,RO,46.28,22.1,84.2,30,0,2.24,clear sky,0.0,0
338,Chinhoyi,ZW,-17.37,30.2,63.77,58,34,5.86,scattered clouds,0.0,0
339,Kousseri,CM,12.08,15.03,82.4,74,75,20.8,thunderstorm with light rain,0.0,0
340,Pasni,PK,25.26,63.47,86.45,80,100,6.96,overcast clouds,0.0,0
341,Nemuro,JP,43.32,145.57,57.79,97,45,3.67,scattered clouds,0.0,0
342,Kibala,TD,9.11,18.35,80.6,69,20,1.28,few clouds,0.0,0
343,Orcopampa,PE,-15.27,-72.34,52.38,27,0,1.39,clear sky,0.0,0
344,Rockport,US,28.02,-97.05,89.6,66,75,14.99,broken clouds,0.0,0
345,Santa Maria,BR,-29.68,-53.81,54.82,63,8,8.1,clear sky,0.0,0
346,Myrtle Beach,US,33.69,-78.89,86.0,73,93,3.0,light rain,0.11,0
347,Shar,KZ,49.59,81.05,69.04,66,0,6.29,clear sky,0.0,0
348,Noumea,NC,-22.28,166.46,69.01,77,90,8.05,overcast clouds,0.0,0
349,Mpongwe,ZM,-13.51,28.16,66.94,41,0,5.79,clear sky,0.0,0
350,Balkanabat,TM,39.51,54.37,95.99,15,2,13.85,clear sky,0.0,0
351,Demba,CD,-5.51,22.27,82.17,29,0,2.8,clear sky,0.0,0
352,Urumqi,CN,43.8,87.6,78.8,41,98,6.71,overcast clouds,0.0,0
353,Santa Isabel Do Rio Negro,BR,-0.41,-65.02,85.62,70,41,3.98,light rain,0.79,0
354,Molina,CL,-35.12,-71.28,54.0,87,100,4.7,overcast clouds,0.0,0
355,Miles City,US,46.41,-105.84,68.0,49,1,3.36,clear sky,0.0,0
356,Mecca,SA,21.43,39.83,89.47,22,0,10.4,clear sky,0.0,0
357,Kayerkan,RU,69.35,87.76,62.6,72,13,24.61,few clouds,0.0,0
358,Caraycaray,PH,11.56,124.42,80.31,80,17,6.96,few clouds,0.0,0
359,Byron Bay,AU,-28.65,153.62,55.99,100,90,5.37,overcast clouds,0.0,0
360,Bahir Dar,ET,11.59,37.39,65.08,86,89,5.37,moderate rain,1.66,0
361,Cidreira,BR,-30.18,-50.21,55.71,61,0,18.25,clear sky,0.0,0
362,Honningsvag,NO,70.98,25.97,48.2,81,75,16.11,broken clouds,0.0,0
363,Tura,IN,25.52,90.22,76.14,96,94,6.24,light rain,0.99,0
364,Ambon,ID,-3.7,128.18,80.01,14,99,12.08,light rain,0.13,0
365,Kolpashevo,RU,58.31,82.91,62.98,72,100,6.24,overcast clouds,0.0,0
366,Nanortalik,GL,60.14,-45.24,46.33,93,100,14.09,moderate rain,3.09,0
367,Port Hawkesbury,CA,45.62,-61.35,64.0,93,90,4.7,mist,0.0,0
368,La Palma,US,33.85,-118.05,75.0,64,20,4.05,few clouds,0.0,0
369,Egvekinot,RU,66.32,-179.17,50.43,78,67,2.44,broken clouds,0.0,0
370,Labytnangi,RU,66.66,66.42,59.32,64,0,7.38,clear sky,0.0,0
371,Catamarca,AR,-28.47,-65.79,62.01,50,0,1.01,clear sky,0.0,0
372,Muros,ES,42.78,-9.06,80.01,49,20,12.75,few clouds,0.0,0
373,Karratha,AU,-20.74,116.85,67.75,25,0,8.43,clear sky,0.0,0
374,Mabaruma,GY,8.2,-59.78,80.71,87,6,5.93,moderate rain,1.04,0
375,Gamba,GA,-2.65,10.0,74.53,80,4,8.5,clear sky,0.0,0
376,Sembe,CG,1.65,14.58,74.35,84,100,2.39,light rain,0.28,0
377,Krasnoselkup,RU,65.7,82.47,61.16,68,84,19.91,broken clouds,0.0,0
378,Cururupu,BR,-1.83,-44.87,88.0,55,24,5.59,few clouds,0.0,0
379,Murdochville,CA,48.96,-65.5,79.3,34,22,5.64,few clouds,0.0,0
380,Faya,SA,18.39,42.45,78.8,44,20,11.41,few clouds,0.0,0
381,Lumberton,US,34.62,-79.01,84.99,74,90,10.29,overcast clouds,0.0,0
382,Araouane,ML,18.9,-3.53,98.8,24,59,16.64,light rain,0.11,0
383,Ereymentau,KZ,51.62,73.1,70.68,63,72,4.32,broken clouds,0.0,0
384,Namatanai,PG,-3.67,152.43,79.32,82,38,6.69,light rain,0.28,0
385,Horsham,GB,51.06,-0.33,64.99,82,75,11.41,broken clouds,0.0,0
386,Sistranda,NO,63.73,8.83,55.99,87,75,10.29,broken clouds,0.0,0
387,San Buenaventura,MX,27.08,-101.53,95.0,55,5,5.03,clear sky,0.0,0
388,Roald,NO,62.58,6.13,55.4,71,40,12.75,scattered clouds,0.0,0
389,Deputatskiy,RU,69.3,139.9,42.6,96,8,1.57,clear sky,0.0,0
390,Kalmar,SE,56.66,16.36,61.0,67,59,16.11,broken clouds,0.0,0
391,Lazaro Cardenas,MX,17.96,-102.2,87.1,58,95,1.57,overcast clouds,0.0,0
392,Marzuq,YE,14.4,46.47,91.45,22,56,18.23,broken clouds,0.0,0
393,Tirlyanskiy,RU,54.21,58.58,65.68,85,0,1.57,clear sky,0.0,0
394,Erzin,TR,36.96,36.2,81.0,79,5,1.99,clear sky,0.0,0
395,Campobello Di Mazara,IT,37.64,12.74,80.6,78,40,13.87,scattered clouds,0.0,0
396,Iqaluit,CA,63.75,-68.51,44.6,93,40,8.05,scattered clouds,0.0,0
397,Cockburn Town,TC,21.46,-71.14,83.68,80,100,17.85,overcast clouds,0.0,0
398,Torbay,CA,47.67,-52.73,64.0,59,75,6.93,broken clouds,0.0,0
399,Kloulklubed,PW,7.04,134.26,77.0,94,90,3.36,overcast clouds,0.0,0
400,Mega,ET,4.05,38.3,59.76,96,47,6.76,scattered clouds,0.0,0
401,Gushikawa,JP,26.35,127.87,82.4,88,1,8.05,clear sky,0.0,0
402,Dekar,BW,-21.53,21.93,60.85,45,0,5.35,clear sky,0.0,0
403,Camacha,PT,33.08,-16.33,73.4,69,20,14.99,few clouds,0.0,0
404,High Prairie,CA,55.43,-116.49,64.29,68,74,2.46,broken clouds,0.0,0
405,Buta,CD,2.79,24.73,74.14,92,67,3.74,light rain,0.83,0
406,Tabou,CI,4.42,-7.35,77.97,82,90,11.97,overcast clouds,0.0,0
407,Kutum,SD,14.2,24.67,84.49,35,74,13.42,broken clouds,0.0,0
408,Asau,RO,46.43,26.4,72.0,73,75,2.04,light rain,0.14,0
409,Daryapur,IN,20.93,77.33,84.65,70,100,13.06,moderate rain,1.99,0
410,Port Lincoln,AU,-34.73,135.87,54.63,57,100,13.82,overcast clouds,0.0,0
411,Ambatofinandrahana,MG,-20.55,46.8,48.81,85,2,6.2,clear sky,0.0,0
412,Alofi,NU,-19.06,-169.92,73.4,94,80,6.93,light rain,0.5,0
413,Tres Picos,MX,15.87,-93.53,89.87,58,94,2.91,overcast clouds,0.0,0
414,Kendari,ID,-3.94,122.5,73.81,93,95,2.66,light rain,0.29,0
415,Namibe,AO,-15.2,12.15,67.8,73,0,12.64,clear sky,0.0,0
416,Souillac,MU,-20.52,57.52,71.6,60,20,16.11,few clouds,0.0,0
417,Bucerias,MX,20.75,-105.33,84.0,78,75,2.24,broken clouds,0.0,0
418,Ewa Beach,US,21.32,-158.01,77.0,78,20,3.36,few clouds,0.0,0
419,Seddon,AU,-37.81,144.89,48.2,100,40,4.7,scattered clouds,0.0,0
420,Vrangel,RU,42.73,133.08,62.55,79,0,2.75,clear sky,0.0,0
421,Ibra,OM,22.69,58.53,87.69,45,99,7.54,overcast clouds,0.0,0
422,Worland,US,44.02,-107.96,77.0,35,1,4.7,clear sky,0.0,0
423,Gilgit,PK,35.92,74.31,79.84,30,74,4.79,light rain,0.21,0
424,Lalmohan,BD,22.34,90.74,83.52,84,95,16.17,light rain,0.13,0
425,Varhaug,NO,58.61,5.65,59.0,66,0,11.99,clear sky,0.0,0
426,Sao Joao Da Barra,BR,-21.64,-41.05,87.8,35,0,8.05,clear sky,0.0,0
427,Porto Novo,BJ,6.5,2.6,79.54,73,100,9.84,overcast clouds,0.0,0
428,Atyrau,KZ,47.12,51.88,93.2,23,40,8.95,scattered clouds,0.0,0
429,Mumbwa,ZM,-14.98,27.06,66.04,42,0,5.26,clear sky,0.0,0
430,Dauphin,CA,51.15,-100.05,68.0,72,75,12.75,broken clouds,0.0,0
431,Pokrovsk,UA,48.28,37.18,66.38,66,0,9.4,clear sky,0.0,0
432,Arkhara,RU,49.42,130.08,57.83,97,2,7.61,clear sky,0.0,0
433,Belomorsk,RU,64.52,34.77,60.87,78,80,6.24,broken clouds,0.0,0
434,Pevek,RU,69.7,170.31,48.25,71,91,4.68,overcast clouds,0.0,0
435,Macheng,CN,31.18,115.03,81.0,91,76,1.05,broken clouds,0.0,0
436,Cayenne,GF,4.93,-52.33,84.2,79,64,6.93,light rain,0.83,0
437,Naifaru,MV,5.44,73.37,83.88,75,98,10.0,overcast clouds,0.0,0
438,Teya,RU,60.38,92.63,48.07,88,41,5.1,scattered clouds,0.0,0
439,San Carlos De Bariloche,AR,-41.15,-71.31,35.6,100,90,16.11,moderate rain,0.0,0
440,Sao Miguel,BR,-5.47,-35.37,84.2,74,75,11.41,shower rain,0.0,0
441,Jalu,LY,29.03,21.55,94.96,19,0,5.59,clear sky,0.0,0
442,Dunda,TZ,-8.12,34.25,72.48,54,78,8.28,broken clouds,0.0,0
443,Baruun-Urt,MN,46.68,113.28,63.01,83,100,5.44,overcast clouds,0.0,0
444,Totskoye,RU,52.52,52.76,77.36,59,0,7.02,clear sky,0.0,0
445,Yumbe,UG,3.47,31.25,68.02,91,35,2.37,scattered clouds,0.0,0
446,Banff,CA,51.18,-115.57,60.01,67,79,5.99,broken clouds,0.0,0
447,Kattivakkam,IN,13.22,80.32,86.0,79,40,4.7,scattered clouds,0.0,0
448,Zhob,PK,31.34,69.45,90.03,26,34,16.44,scattered clouds,0.0,0
449,Gucheng,CN,35.91,111.32,80.44,61,8,6.73,clear sky,0.0,0
450,Lavrentiya,RU,65.58,-171.0,46.62,83,2,1.28,clear sky,0.0,0
451,Asaka,JP,35.8,139.6,78.01,33,100,3.67,overcast clouds,0.0,0
452,Mitsamiouli,KM,-11.38,43.28,78.8,74,20,13.87,few clouds,0.0,0
453,Kuytun,RU,54.34,101.5,59.79,88,83,1.36,broken clouds,0.0,0
454,Bulungu,CD,-4.55,18.6,86.14,36,52,0.92,broken clouds,0.0,0
455,Sitka,US,57.05,-135.33,55.4,87,90,3.36,mist,0.51,0
456,Seoul,KR,37.57,126.98,82.4,58,90,6.31,overcast clouds,0.0,0
457,Poquoson,US,37.12,-76.35,87.8,83,20,16.11,few clouds,0.0,0
458,Zhoucheng,CN,35.91,116.31,72.52,79,63,5.28,broken clouds,0.0,0
459,Katobu,ID,-4.94,122.53,74.16,92,81,5.26,broken clouds,0.0,0
460,Saint-Francois,FR,46.42,3.91,91.4,26,21,6.93,few clouds,0.0,0
461,Chik,RU,54.99,82.43,66.2,88,100,4.47,light rain,0.12,0
462,San Andres,CO,12.58,-81.7,80.6,88,75,14.99,light intensity drizzle,0.0,0
463,Carmen,MX,18.63,-91.83,86.0,70,20,13.87,few clouds,0.0,0
464,Miri,MY,4.41,114.01,77.0,94,40,5.82,light rain,0.0,0
465,Nombre De Dios,MX,23.85,-104.23,73.99,64,40,4.7,scattered clouds,0.0,0
466,Makakilo City,US,21.35,-158.09,77.0,78,20,3.36,few clouds,0.0,0
467,Requena,ES,39.49,-1.1,81.0,39,74,14.56,broken clouds,0.0,0
468,Kasba,IN,25.85,87.55,81.54,87,100,2.71,overcast clouds,0.0,0
469,Hirara,JP,24.8,125.28,84.47,84,100,20.22,overcast clouds,0.0,0
470,Whithorn,JM,18.26,-78.04,87.8,70,75,19.46,broken clouds,0.0,0
471,Luanda,AO,-8.84,13.23,75.2,73,40,8.05,scattered clouds,0.0,0
472,Baglung,NP,28.27,83.59,73.0,79,98,0.94,light rain,0.26,0
473,Nicoya,CR,10.15,-85.45,87.8,62,75,10.29,broken clouds,0.0,0
474,Maniitsoq,GL,65.42,-52.9,43.05,96,100,24.63,heavy intensity rain,4.01,0
475,Pangnirtung,CA,66.15,-65.71,51.8,71,75,14.99,broken clouds,0.0,0
476,Paulista,BR,-7.94,-34.87,84.2,70,75,11.41,broken clouds,0.0,0
477,Lumby,CA,50.25,-118.97,64.0,67,90,4.7,light rain,0.0,0
478,Orotina,CR,9.91,-84.52,78.8,57,11,12.75,light rain,0.84,0
479,Lamar,US,33.67,-95.58,87.01,74,90,6.93,overcast clouds,0.0,0
480,Ilhabela,BR,-23.78,-45.36,67.98,71,83,10.78,broken clouds,0.0,0
481,Nitra,SK,48.31,18.08,80.6,47,78,3.36,broken clouds,0.0,0
482,Aklavik,CA,68.22,-135.01,42.8,93,90,12.75,light intensity drizzle,0.0,0
483,Jeremie,HT,18.65,-74.12,87.19,65,31,7.07,light rain,0.2,0
484,Mackay,AU,-21.15,149.2,62.6,100,40,8.05,scattered clouds,0.0,0
485,Grimshaw,CA,56.18,-117.6,60.8,77,75,4.7,broken clouds,0.0,0
486,Port-Gentil,GA,-0.72,8.78,78.8,78,75,11.41,broken clouds,0.0,0
487,Tokat,TR,40.42,36.58,53.96,100,87,6.58,overcast clouds,0.0,0
488,Srandakan,ID,-7.94,110.25,75.18,86,29,6.78,scattered clouds,0.0,0
489,Nueve De Julio,AR,-35.44,-60.88,61.0,34,28,7.0,scattered clouds,0.0,0
490,Hammerfest,NO,70.66,23.68,51.8,76,40,6.93,scattered clouds,0.0,0
491,Galle,LK,6.04,80.22,80.73,85,83,9.48,broken clouds,0.0,0
492,Shenjiamen,CN,29.96,122.3,75.96,94,33,7.05,scattered clouds,0.0,0
493,Bakchar,RU,57.02,82.07,62.78,72,99,0.54,overcast clouds,0.0,0
494,Roma,US,43.21,-75.46,90.0,52,1,3.36,clear sky,0.0,0
495,Biltine,TD,14.53,20.92,80.38,57,100,20.4,overcast clouds,0.0,0
496,Komsomolskiy,UZ,40.43,71.72,84.2,23,40,11.41,scattered clouds,0.0,0
497,Lokosovo,RU,61.13,74.82,61.99,73,77,10.56,broken clouds,0.0,0
498,Moose Factory,CA,51.26,-80.61,84.2,48,1,6.93,clear sky,0.0,0
499,Segezha,RU,63.74,34.32,60.13,73,73,5.64,broken clouds,0.0,0
500,Puerto Escondido,MX,15.85,-97.07,86.0,70,75,3.36,broken clouds,0.0,0
501,Chapais,CA,49.78,-74.85,82.4,54,1,3.36,clear sky,0.0,0
502,Nipawin,CA,53.37,-104.0,66.2,77,90,8.05,overcast clouds,0.0,0
503,Batsfjord,NO,70.63,29.72,48.2,100,75,6.93,broken clouds,0.0,0
504,Hamilton,US,39.18,-84.53,93.0,55,40,3.42,light rain,0.25,0
505,Anupgarh,IN,29.19,73.21,103.51,27,0,17.25,clear sky,0.0,0
506,Matara,LK,5.95,80.54,79.57,85,76,8.16,broken clouds,0.0,0
507,Nacozari,MX,25.34,-108.26,88.0,69,0,7.0,clear sky,0.0,0
508,Bahia Honda,CU,22.9,-83.16,88.41,63,23,8.39,few clouds,0.0,0
509,Yulara,AU,-25.24,130.99,44.6,36,16,3.22,few clouds,0.0,0
510,Asfi,MA,32.3,-9.24,71.91,72,0,20.13,clear sky,0.0,0
511,Shaunavon,CA,49.65,-108.42,62.78,59,9,11.95,clear sky,0.0,0
512,Airai,TL,-8.93,125.41,55.2,100,97,3.76,overcast clouds,0.0,0
513,Macouria,GF,4.92,-52.37,84.2,79,67,6.93,moderate rain,1.07,0
514,Manta,EC,-0.95,-80.73,76.24,73,94,10.54,overcast clouds,0.0,0
515,Sambava,MG,-14.27,50.17,71.33,79,32,18.1,light rain,0.12,0
516,Samarai,PG,-10.62,150.67,78.37,87,96,20.36,moderate rain,2.39,0
517,Mount Isa,AU,-20.73,139.5,55.4,66,5,2.24,clear sky,0.0,0
518,Timra,SE,62.49,17.33,59.0,72,91,3.36,light rain,0.18,0
519,Brindisi,IT,40.58,17.67,87.8,25,0,9.17,clear sky,0.0,0
520,Marmora,IT,44.46,7.09,84.2,45,85,1.12,light rain,0.2,0
521,Xingcheng,CN,40.62,120.72,68.7,72,100,3.91,overcast clouds,0.0,0
522,Irricana,CA,51.32,-113.6,66.0,65,45,1.99,scattered clouds,0.0,0
523,Tevriz,RU,57.51,72.4,77.05,68,46,6.89,light rain,0.16,0
524,Havre-Saint-Pierre,CA,50.23,-63.6,66.2,77,90,4.41,overcast clouds,0.0,0
525,Starup,DK,55.24,9.54,62.6,63,40,4.7,scattered clouds,0.0,0
526,Santa Cruz,BO,-17.8,-63.17,62.6,67,90,13.87,overcast clouds,0.0,0
527,Knokke-Heist,BE,51.33,3.33,64.99,88,99,18.34,light rain,0.0,0
528,Kerema,PG,-7.96,145.78,76.8,88,8,6.02,clear sky,0.0,0
529,Moorhead,US,46.87,-96.77,79.0,47,1,12.75,clear sky,0.0,0
530,Kambove,CD,-10.88,26.6,64.18,43,0,1.05,clear sky,0.0,0
531,Kenai,US,60.55,-151.26,57.0,87,20,3.36,few clouds,0.0,0
532,Santa Cruz Del Sur,CU,20.71,-78.0,88.84,59,75,10.18,broken clouds,0.0,0
533,Cap Malheureux,MU,-19.98,57.61,71.01,64,38,5.01,scattered clouds,0.0,0
534,Loudeac,FR,48.18,-2.75,72.0,64,75,12.75,broken clouds,0.0,0
535,Richards Bay,ZA,-28.78,32.04,72.54,54,0,15.01,clear sky,0.0,0
536,Ratangarh,IN,28.08,74.6,96.01,39,4,21.7,clear sky,0.0,0
537,Penalva,BR,-3.29,-45.17,91.18,47,7,4.72,clear sky,0.0,0
538,Klyuchevsk,RU,57.12,60.94,78.8,69,11,4.47,few clouds,0.0,0
539,Gaoua,BF,10.3,-3.25,86.05,56,60,4.43,light rain,0.34,0
540,Nelson Bay,AU,-32.72,152.15,54.0,100,96,4.7,overcast clouds,0.0,0
541,Boa Vista,BR,2.82,-60.67,89.6,52,75,5.82,broken clouds,0.0,0
542,Palmer,US,42.16,-72.33,87.01,62,40,3.36,scattered clouds,0.0,0
543,Lyndon,US,38.26,-85.6,91.99,55,75,2.01,broken clouds,0.0,0
544,Marrakesh,MA,31.63,-8.01,98.6,18,0,8.05,clear sky,0.0,0
545,Upata,VE,8.01,-62.4,87.01,70,21,1.99,few clouds,0.0,0
546,Kupang,ID,-10.17,123.58,74.79,81,31,10.63,scattered clouds,0.0,0
547,Itacare,BR,-14.28,-39.0,78.8,83,75,3.36,broken clouds,0.0,0
548,Isla Vista,US,34.41,-119.86,62.6,82,90,5.82,overcast clouds,0.0,0
549,Puerto Ayacucho,VE,5.66,-67.62,87.8,58,20,5.82,few clouds,0.0,0
550,The Valley,AI,18.22,-63.06,89.6,62,75,17.22,haze,0.0,0
551,Aykhal,RU,66.0,111.5,62.6,48,90,13.42,overcast clouds,0.0,0
552,Kyren,RU,51.68,102.14,57.06,69,95,1.7,overcast clouds,0.0,0
